[
    {
        "value": 93,
        "label": "Afeganistão (+93)"
    },
    {
        "value": 355,
        "label": "Albânia (+355)"
    },
    {
        "value": 213,
        "label": "Argélia (+213)"
    },
    {
        "value": 1,
        "label": "Samoa Americana (+1)"
    },
    {
        "value": 376,
        "label": "Andorra (+376)"
    },
    {
        "value": 244,
        "label": "Angola (+244)"
    },
    {
        "value": 1,
        "label": "Anguilla (+1)"
    },
    {
        "value": 672,
        "label": "Antártica (+672)"
    },
    {
        "value": 1,
        "label": "Antígua e Barbuda (+1)"
    },
    {
        "value": 54,
        "label": "Argentina (+54)"
    },
    {
        "value": 374,
        "label": "Armênia (+374)"
    },
    {
        "value": 297,
        "label": "Aruba (+297)"
    },
    {
        "value": 61,
        "label": "Austrália (+61)"
    },
    {
        "value": 43,
        "label": "Áustria (+43)"
    },
    {
        "value": 994,
        "label": "Azerbaijão (+994)"
    },
    {
        "value": 1,
        "label": "Bahamas (+1)"
    },
    {
        "value": 973,
        "label": "Bahrein (+973)"
    },
    {
        "value": 880,
        "label": "Bangladesh (+880)"
    },
    {
        "value": 1,
        "label": "Barbados (+1)"
    },
    {
        "value": 375,
        "label": "Belarus (+375)"
    },
    {
        "value": 32,
        "label": "Bélgica (+32)"
    },
    {
        "value": 501,
        "label": "Belize (+501)"
    },
    {
        "value": 229,
        "label": "Benin (+229)"
    },
    {
        "value": 1,
        "label": "Bermudas (+1)"
    },
    {
        "value": 975,
        "label": "Butão (+975)"
    },
    {
        "value": 591,
        "label": "Bolívia (+591)"
    },
    {
        "value": 387,
        "label": "Bosnia and Herzegovina (+387)"
    },
    {
        "value": 267,
        "label": "Botsuana (+267)"
    },
    {
        "value": 55,
        "label": "Brasil (+55)"
    },
    {
        "value": 246,
        "label": "British Indian Ocean Territory (+246)"
    },
    {
        "value": 1,
        "label": "Ilhas Virgens Britânicas (+1)"
    },
    {
        "value": 673,
        "label": "Brunei (+673)"
    },
    {
        "value": 359,
        "label": "Bulgária (+359)"
    },
    {
        "value": 226,
        "label": "Burkina Faso (+226)"
    },
    {
        "value": 257,
        "label": "Burundi (+257)"
    },
    {
        "value": 855,
        "label": "Camboja (+855)"
    },
    {
        "value": 237,
        "label": "Camarões (+237)"
    },
    {
        "value": 1,
        "label": "Canada (+1)"
    },
    {
        "value": 238,
        "label": "Cabo Verde (+238)"
    },
    {
        "value": 1,
        "label": "Ilhas Cayman (+1)"
    },
    {
        "value": 236,
        "label": "República Centro-Africana (+236)"
    },
    {
        "value": 235,
        "label": "Chad (+235)"
    },
    {
        "value": 56,
        "label": "Chile (+56)"
    },
    {
        "value": 86,
        "label": "China (+86)"
    },
    {
        "value": 61,
        "label": "Ilha de Natal (+61)"
    },
    {
        "value": 61,
        "label": "Ilhas Cocos (+61)"
    },
    {
        "value": 57,
        "label": "Colômbia (+57)"
    },
    {
        "value": 269,
        "label": "Comores (+269)"
    },
    {
        "value": 682,
        "label": "Ilhas Cook (+682)"
    },
    {
        "value": 506,
        "label": "Costa Rica (+506)"
    },
    {
        "value": 385,
        "label": "Croácia (+385)"
    },
    {
        "value": 53,
        "label": "Cuba (+53)"
    },
    {
        "value": 599,
        "label": "Curaçao (+599)"
    },
    {
        "value": 357,
        "label": "Chipre (+357)"
    },
    {
        "value": 420,
        "label": "República Tcheca (+420)"
    },
    {
        "value": 243,
        "label": "República Democrática do Congo (+243)"
    },
    {
        "value": 45,
        "label": "Dinamarca (+45)"
    },
    {
        "value": 253,
        "label": "Djibouti (+253)"
    },
    {
        "value": 1,
        "label": "Dominica (+1)"
    },
    {
        "value": 1,
        "label": "República Dominicana (+1)"
    },
    {
        "value": 670,
        "label": "Timor Leste (+670)"
    },
    {
        "value": 593,
        "label": "Equador (+593)"
    },
    {
        "value": 20,
        "label": "Egito (+20)"
    },
    {
        "value": 503,
        "label": "El Salvador (+503)"
    },
    {
        "value": 240,
        "label": "Guiné Equatorial (+240)"
    },
    {
        "value": 291,
        "label": "Eritreia (+291)"
    },
    {
        "value": 372,
        "label": "Estônia (+372)"
    },
    {
        "value": 251,
        "label": "Etiópia (+251)"
    },
    {
        "value": 500,
        "label": "Falkland Islands (+500)"
    },
    {
        "value": 298,
        "label": "Ilhas Faroe (+298)"
    },
    {
        "value": 679,
        "label": "Fiji (+679)"
    },
    {
        "value": 358,
        "label": "Finlândia (+358)"
    },
    {
        "value": 33,
        "label": "França (+33)"
    },
    {
        "value": 689,
        "label": "Polinésia Francesa (+689)"
    },
    {
        "value": 241,
        "label": "Gabão (+241)"
    },
    {
        "value": 220,
        "label": "Gâmbia (+220)"
    },
    {
        "value": 995,
        "label": "Georgia (+995)"
    },
    {
        "value": 49,
        "label": "Alemanha (+49)"
    },
    {
        "value": 233,
        "label": "Ghana (+233)"
    },
    {
        "value": 350,
        "label": "Gibraltar (+350)"
    },
    {
        "value": 30,
        "label": "Grécia (+30)"
    },
    {
        "value": 299,
        "label": "Gronelândia (+299)"
    },
    {
        "value": 1,
        "label": "Grenada (+1)"
    },
    {
        "value": 1,
        "label": "Guam (+1)"
    },
    {
        "value": 502,
        "label": "Guatemala (+502)"
    },
    {
        "value": 44,
        "label": "Guernsey (+44)"
    },
    {
        "value": 224,
        "label": "Guiné (+224)"
    },
    {
        "value": 245,
        "label": "Guiné-Bissau (+245)"
    },
    {
        "value": 592,
        "label": "Guyana (+592)"
    },
    {
        "value": 509,
        "label": "Haiti (+509)"
    },
    {
        "value": 504,
        "label": "Honduras (+504)"
    },
    {
        "value": 852,
        "label": "Hong Kong (+852)"
    },
    {
        "value": 36,
        "label": "Hungria (+36)"
    },
    {
        "value": 354,
        "label": "Islândia (+354)"
    },
    {
        "value": 91,
        "label": "Índia (+91)"
    },
    {
        "value": 62,
        "label": "Indonesia (+62)"
    },
    {
        "value": 98,
        "label": "Irã (+98)"
    },
    {
        "value": 964,
        "label": "Iraque (+964)"
    },
    {
        "value": 353,
        "label": "Ireland (+353)"
    },
    {
        "value": 44,
        "label": "Isle of Man (+44)"
    },
    {
        "value": 972,
        "label": "Israel (+972)"
    },
    {
        "value": 39,
        "label": "Itália (+39)"
    },
    {
        "value": 225,
        "label": "Costa do Marfim (+225)"
    },
    {
        "value": 1,
        "label": "Jamaica (+1)"
    },
    {
        "value": 81,
        "label": "Japão (+81)"
    },
    {
        "value": 44,
        "label": "Jersey (+44)"
    },
    {
        "value": 962,
        "label": "Jordan (+962)"
    },
    {
        "value": 7,
        "label": "Cazaquistão (+7)"
    },
    {
        "value": 254,
        "label": "Quênia (+254)"
    },
    {
        "value": 686,
        "label": "Kiribati (+686)"
    },
    {
        "value": 383,
        "label": "Kosovo (+383)"
    },
    {
        "value": 965,
        "label": "Kuwait (+965)"
    },
    {
        "value": 996,
        "label": "Quirguistão (+996)"
    },
    {
        "value": 856,
        "label": "Laos (+856)"
    },
    {
        "value": 371,
        "label": "Latvia (+371)"
    },
    {
        "value": 961,
        "label": "Líbano (+961)"
    },
    {
        "value": 266,
        "label": "Lesotho (+266)"
    },
    {
        "value": 231,
        "label": "Libéria (+231)"
    },
    {
        "value": 218,
        "label": "Líbia (+218)"
    },
    {
        "value": 423,
        "label": "Liechtenstein (+423)"
    },
    {
        "value": 370,
        "label": "Lituânia (+370)"
    },
    {
        "value": 352,
        "label": "Luxemburgo (+352)"
    },
    {
        "value": 853,
        "label": "Macau (+853)"
    },
    {
        "value": 389,
        "label": "Macedônia (+389)"
    },
    {
        "value": 261,
        "label": "Madagascar (+261)"
    },
    {
        "value": 265,
        "label": "Malawi (+265)"
    },
    {
        "value": 60,
        "label": "Malásia (+60)"
    },
    {
        "value": 960,
        "label": "Maldivas (+960)"
    },
    {
        "value": 223,
        "label": "Mali (+223)"
    },
    {
        "value": 356,
        "label": "Malta (+356)"
    },
    {
        "value": 692,
        "label": "Marshall Islands (+692)"
    },
    {
        "value": 222,
        "label": "Mauritânia (+222)"
    },
    {
        "value": 230,
        "label": "Mauritius (+230)"
    },
    {
        "value": 262,
        "label": "Mayotte (+262)"
    },
    {
        "value": 52,
        "label": "México (+52)"
    },
    {
        "value": 691,
        "label": "Micronésia (+691)"
    },
    {
        "value": 373,
        "label": "Moldova (+373)"
    },
    {
        "value": 377,
        "label": "Mônaco (+377)"
    },
    {
        "value": 976,
        "label": "Mongólia (+976)"
    },
    {
        "value": 382,
        "label": "Montenegro (+382)"
    },
    {
        "value": 1,
        "label": "Montserrat (+1)"
    },
    {
        "value": 212,
        "label": "Marrocos (+212)"
    },
    {
        "value": 258,
        "label": "Moçambique (+258)"
    },
    {
        "value": 95,
        "label": "Myanmar (+95)"
    },
    {
        "value": 264,
        "label": "Namíbia (+264)"
    },
    {
        "value": 674,
        "label": "Nauru (+674)"
    },
    {
        "value": 977,
        "label": "Nepal (+977)"
    },
    {
        "value": 31,
        "label": "Netherlands (+31)"
    },
    {
        "value": 599,
        "label": "Antilhas Holandesas (+599)"
    },
    {
        "value": 687,
        "label": "Nova Caledônia (+687)"
    },
    {
        "value": 64,
        "label": "Nova Zelândia (+64)"
    },
    {
        "value": 505,
        "label": "Nicarágua (+505)"
    },
    {
        "value": 227,
        "label": "Níger (+227)"
    },
    {
        "value": 234,
        "label": "Nigeria (+234)"
    },
    {
        "value": 683,
        "label": "Niue (+683)"
    },
    {
        "value": 850,
        "label": "Coréia do Norte (+850)"
    },
    {
        "value": 1,
        "label": "Ilhas Marianas do Norte (+1)"
    },
    {
        "value": 47,
        "label": "Norway (+47)"
    },
    {
        "value": 968,
        "label": "Omã (+968)"
    },
    {
        "value": 92,
        "label": "Paquistão (+92)"
    },
    {
        "value": 680,
        "label": "Palau (+680)"
    },
    {
        "value": 970,
        "label": "Palestina (+970)"
    },
    {
        "value": 507,
        "label": "Panamá (+507)"
    },
    {
        "value": 675,
        "label": "Papua Nova Guiné (+675)"
    },
    {
        "value": 595,
        "label": "Paraguai (+595)"
    },
    {
        "value": 51,
        "label": "Peru (+51)"
    },
    {
        "value": 63,
        "label": "Filipinas (+63)"
    },
    {
        "value": 64,
        "label": "Pitcairn (+64)"
    },
    {
        "value": 48,
        "label": "Polônia (+48)"
    },
    {
        "value": 351,
        "label": "Portugal (+351)"
    },
    {
        "value": 1,
        "label": "Porto Rico (+1)"
    },
    {
        "value": 974,
        "label": "Qatar (+974)"
    },
    {
        "value": 242,
        "label": "República do Congo (+242)"
    },
    {
        "value": 262,
        "label": "Reunião (+262)"
    },
    {
        "value": 40,
        "label": "Romênia (+40)"
    },
    {
        "value": 7,
        "label": "Rússia (+7)"
    },
    {
        "value": 250,
        "label": "Ruanda (+250)"
    },
    {
        "value": 590,
        "label": "Saint Barthelemy (+590)"
    },
    {
        "value": 290,
        "label": "Santa Helena (+290)"
    },
    {
        "value": 1,
        "label": "Saint Kitts e Nevis (+1)"
    },
    {
        "value": 1,
        "label": "Santa Lúcia (+1)"
    },
    {
        "value": 590,
        "label": "Saint Martin (+590)"
    },
    {
        "value": 508,
        "label": "Saint Pierre e Miquelon (+508)"
    },
    {
        "value": 1,
        "label": "São Vicente e as Granadinas (+1)"
    },
    {
        "value": 685,
        "label": "Samoa (+685)"
    },
    {
        "value": 378,
        "label": "San Marino (+378)"
    },
    {
        "value": 239,
        "label": "São Tomé e Príncipe (+239)"
    },
    {
        "value": 966,
        "label": "Arábia Saudita (+966)"
    },
    {
        "value": 221,
        "label": "Senegal (+221)"
    },
    {
        "value": 381,
        "label": "Sérvia (+381)"
    },
    {
        "value": 248,
        "label": "Seychelles (+248)"
    },
    {
        "value": 232,
        "label": "Serra Leoa (+232)"
    },
    {
        "value": 65,
        "label": "Singapura (+65)"
    },
    {
        "value": 1,
        "label": "Sint Maarten (+1)"
    },
    {
        "value": 421,
        "label": "Eslováquia (+421)"
    },
    {
        "value": 386,
        "label": "Eslovênia (+386)"
    },
    {
        "value": 677,
        "label": "Ilhas Salomão (+677)"
    },
    {
        "value": 252,
        "label": "Somália (+252)"
    },
    {
        "value": 27,
        "label": "África do Sul (+27)"
    },
    {
        "value": 82,
        "label": "Coréia do Sul (+82)"
    },
    {
        "value": 211,
        "label": "Sul do Sudão (+211)"
    },
    {
        "value": 34,
        "label": "Espanha (+34)"
    },
    {
        "value": 94,
        "label": "Sri Lanka (+94)"
    },
    {
        "value": 249,
        "label": "Sudão (+249)"
    },
    {
        "value": 597,
        "label": "Suriname (+597)"
    },
    {
        "value": 47,
        "label": "Svalbard e Jan Mayen (+47)"
    },
    {
        "value": 268,
        "label": "Swazilândia (+268)"
    },
    {
        "value": 46,
        "label": "Suécia (+46)"
    },
    {
        "value": 41,
        "label": "Switzerland (+41)"
    },
    {
        "value": 963,
        "label": "Syria (+963)"
    },
    {
        "value": 886,
        "label": "Taiwan (+886)"
    },
    {
        "value": 992,
        "label": "Tajiquistão (+992)"
    },
    {
        "value": 255,
        "label": "Tanzânia (+255)"
    },
    {
        "value": 66,
        "label": "Tailândia (+66)"
    },
    {
        "value": 228,
        "label": "Togo (+228)"
    },
    {
        "value": 690,
        "label": "Tokelau (+690)"
    },
    {
        "value": 676,
        "label": "Tonga (+676)"
    },
    {
        "value": 1,
        "label": "Trinidad e Tobago (+1)"
    },
    {
        "value": 216,
        "label": "Tunísia (+216)"
    },
    {
        "value": 90,
        "label": "Turquia (+90)"
    },
    {
        "value": 993,
        "label": "Turcomenistão (+993)"
    },
    {
        "value": 1,
        "label": "Ilhas Turcas e Caicos (+1)"
    },
    {
        "value": 688,
        "label": "Tuvalu (+688)"
    },
    {
        "value": 1,
        "label": "U.S. Virgin Islands (+1)"
    },
    {
        "value": 256,
        "label": "Uganda (+256)"
    },
    {
        "value": 380,
        "label": "Ucrânia (+380)"
    },
    {
        "value": 971,
        "label": "Emirados Árabes Unidos (+971)"
    },
    {
        "value": 44,
        "label": "Reino Unido (+44)"
    },
    {
        "value": 1,
        "label": "Estados Unidos (+1)"
    },
    {
        "value": 598,
        "label": "Uruguai (+598)"
    },
    {
        "value": 998,
        "label": "Uzbequistão (+998)"
    },
    {
        "value": 678,
        "label": "Vanuatu (+678)"
    },
    {
        "value": 379,
        "label": "Vaticano (+379)"
    },
    {
        "value": 58,
        "label": "Venezuela (+58)"
    },
    {
        "value": 84,
        "label": "Vietnã (+84)"
    },
    {
        "value": 681,
        "label": "Wallis e Futuna (+681)"
    },
    {
        "value": 212,
        "label": "Sahara Ocidental (+212)"
    },
    {
        "value": 967,
        "label": "Iêmen (+967)"
    },
    {
        "value": 260,
        "label": "Zambia (+260)"
    },
    {
        "value": 263,
        "label": "Zimbabwe (+263)"
    }
]